Disease,Precaution_1,Precaution_2,Precaution_3
Anorexia Nervosa,Early Intervention,"Multidisciplinary Approach: Engage a team of healthcare professionals, including physicians, dietitians, and therapists, for comprehensive treatment.",Nutritional Rehabilitation: Focus on gradual and supervised nutritional rehabilitation to restore a healthy weight.
Anxiety Disorders,Professional Guidance: Consult with mental health professionals for accurate diagnosis and appropriate treatment plans ,Cognitive-Behavioral Strategies: Learn and practice cognitive-behavioral techniques to manage anxiety symptoms.,Medication Management: Consider medications prescribed by a psychiatrist if recommended.
Autoimmune Diseases,Specialist Consultation: Consult with a rheumatologist or relevant specialist for accurate diagnosis and treatment.,Medication Adherence: Strictly adhere to prescribed medications and treatment plans," Lifestyle Modifications: Adopt a healthy lifestyle, including regular exercise and a balanced diet, to support overall well-being."
Bacterial Vaginosis,Antibiotic Treatment: Follow the complete course of antibiotics as prescribed by a healthcare professional. , Good Genital Hygiene: Maintain proper hygiene practices to prevent recurrent infections.,Regular Gynecological Check-ups: Attend routine check-ups to monitor and address any recurring issues.
Breast Cancer,Regular Screenings: Schedule and attend regular mammograms and clinical breast exams., Breast Self-Exams: Perform regular breast self-exams to detect any changes.," Genetic Counseling: Consider genetic counseling, especially with a family history of breast cancer."
Bulimia nervosa,Psychotherapy: Engage in individual or group psychotherapy to address underlying issues and develop coping strategies,Nutritional Counseling: Work with a registered dietitian to establish a healthy eating plan,Medical Monitoring: Regular medical check-ups to monitor physical health and address any complications.
Cervical Cancer,HPV Vaccination: Consider vaccination for human papillomavirus (HPV) for prevention,Regular Pap Smears: Schedule regular Pap smears for early detection,Safe Sex Practices: Practice safe sex to reduce the risk of HPV and other sexually transmitted infections.
Deep vein thrombosis,"Movement: Avoid prolonged periods of immobility, especially during long flights or bed rest.",Hydration: Stay well-hydrated to promote healthy blood circulation.,"Compression Stockings: Consider using compression stockings, especially when at risk."
Depression,Psychotherapy: Seek counseling or psychotherapy for emotional support and coping strategies. b. . c. ,Medication: Consult with a psychiatrist for antidepressant medications if recommended,Social Support: Maintain a strong social support system and communicate openly with friends and family.
Eating Disorders ,"Multidisciplinary Treatment: Engage in a comprehensive treatment plan involving medical, nutritional, and psychological components.",Regular Monitoring: Regular medical check-ups and nutritional assessments.,Support Groups: Join support groups to connect with others facing similar challenges.
Endometriosis,Pain Management: Explore pain relief strategies such as medications and heat therapy.,Hormonal Therapy: Discuss hormonal treatments with a healthcare provider for symptom control. ,Surgical Options: Consider surgery for severe cases under the guidance of a gynecologist.
Fibromyalgia,Regular Exercise: Engage in low-impact exercises to improve symptoms.,"Stress Management: Practice stress-reducing techniques, such as meditation or yoga.",Medication: Consult with a rheumatologist for medications to alleviate pain and improve sleep.
Gestational Diabetes,Blood Sugar Monitoring: Regularly monitor blood sugar levels as advised by a healthcare provider.,Healthy Diet: Follow a balanced diet with controlled carbohydrate intake.,Regular Check-ups: Attend frequent prenatal check-ups to monitor both maternal and fetal health.
Gestational Hypertension (Preeclampsia) ,Regular Blood Pressure Monitoring: Monitor blood pressure regularly at home and during prenatal visits.,Restricted Sodium Intake: Follow a low-sodium diet to help control blood pressure.,"Bed Rest: In severe cases, a healthcare provider may recommend rest to manage hypertension."
Gynecological Infections ,Safe Sex Practices: Practice safe sex to prevent sexually transmitted infections.,Good Hygiene: Maintain proper genital hygiene to reduce the risk of infections.,Prompt Treatment: Seek prompt medical attention for any symptoms of infection.
Harmone imbalances,"Hormone Replacement Therapy (HRT): If undergoing HRT, discuss risks and benefits with a healthcare provider.",Regular Monitoring: Monitor hormone levels regularly as advised by a healthcare professional.,"Lifestyle Modifications: Adopt a healthy lifestyle, including a balanced diet and regular exercise."
Heart Disease,Heart-Healthy Lifestyle: Adopt a heart-healthy diet and engage in regular exercise.,Medication Adherence: Take prescribed medications consistently.,Regular Check-ups: Attend regular cardiovascular check-ups for early detection and management.
HIV/AIDS,Safe Sex Practices: Practice safe sex to prevent the transmission of HIV.,"Regular Testing: Undergo regular HIV testing, especially if engaging in high-risk behaviors.",Antiretroviral Therapy (ART): Adhere to prescribed antiretroviral medications for effective HIV management.
Hyperthyroidism,Medication Adherence: Take prescribed antithyroid medications consistently.,Regular Thyroid Monitoring: Monitor thyroid hormone levels regularly as advised by an endocrinologist.,Radioactive Iodine or Surgery: Consider these options for persistent hyperthyroidism under the guidance of a healthcare professional.
Hypothyroidism,Thyroid Hormone Replacement: Take prescribed thyroid hormone replacement medications as directed.,Regular Monitoring: Monitor thyroid hormone levels regularly through blood tests.,Lifestyle Changes: Adopt a healthy lifestyle with a balanced diet and regular exercise.
Interstital Cystitis,Bladder Health Strategies: Avoid irritants like caffeine and alcohol that may worsen symptoms.,Medication and Physical Therapy: Explore medications and physical therapy for symptom management.,Stress Reduction: Practice stress reduction techniques to minimize flare-ups.
Iron Deficiency Anemia,Iron Supplementation: Take iron supplements as prescribed by a healthcare professional.,"Iron-Rich Diet: Consume foods rich in iron, such as red meat, leafy greens, and legumes.",Vitamin C Intake: Enhance iron absorption by consuming vitamin C-rich foods.
Lupus,Medication Adherence: Take prescribed medications consistently to manage symptoms.,"Sun Protection: Use sunscreen and protective clothing to minimize sun exposure, which can trigger flares.",Regular Check-ups: Attend regular check-ups with a rheumatologist for monitoring.
Menopause-related issues,"Hormone Replacement Therapy (HRT): If considering HRT, discuss risks and benefits with a healthcare provider.",Lifestyle Adaptations: Adopt healthy lifestyle choices to manage symptoms.,Regular Check-ups: Attend regular check-ups for monitoring and management of menopause-related issues.
Menstrual and disorders,Regular Check-ups: Attend regular gynecological examinations for menstrual health monitoring.,Hormonal Management: Discuss hormonal management options with a healthcare provider.,Lifestyle Modifications: Adopt a healthy lifestyle with a balanced diet and regular exercise.
Migraines,"Trigger Identification: Identify and avoid migraine triggers, such as certain foods or stress.",Medication Management: Consult with a healthcare provider for medications to prevent or alleviate migraines.,Lifestyle Modifications: Adopt a regular sleep schedule and manage stress to reduce migraine frequency.
Osteoporosis,Calcium and Vitamin D Intake: Ensure an adequate intake of calcium and vitamin D for bone health.,Weight-Bearing Exercise: Engage in weight-bearing exercises to support bone density.,Medication Consultation: Discuss medication options with a healthcare provider if necessary.
Ovarian Cancer,Genetic Counseling: Consider genetic counseling for individuals with a family history of ovarian cancer.,Regular Check-ups: Schedule routine gynecological examinations for early detection.,Symptom Awareness: Be aware of and promptly report any unusual pelvic symptoms to a healthcare professionalSymptom Awareness: Be aware of and promptly report any unusual pelvic symptoms to a healthcare professional.
Pelvic Floor Disorders,Pelvic Floor Exercises: Engage in pelvic floor exercises to strengthen the muscles.,Healthy Bowel Habits: Maintain regular bowel habits to reduce strain on the pelvic floor.,Weight Management: Maintain a healthy weight to alleviate pressure on the pelvic region.
Pelvic Inflammatory Disease (PID),Prompt Treatment: Seek prompt medical attention for symptoms of pelvic infection.,Safe Sex Practices: Practice safe sex to prevent sexually transmitted infections that can lead to PID.,Partner Treatment: Ensure that sexual partners are also treated if PID is diagnosed.
Polycystic Ovary Syndrome (PCOS),Lifestyle Modifications: Adopt a healthy lifestyle with regular exercise and a balanced diet.,"Hormonal Therapy: Consult with a healthcare provider for hormonal management, if needed.","Regular Check-ups: Monitor and manage associated conditions, such as insulin resistance and cardiovascular risks."
Postpartum depression,Support Systems: Build a strong support system with family and friends,Counseling: Consider counseling or therapy for emotional support.,Regular Check-ins: Schedule regular check-ins with a healthcare provider for postpartum mental health monitoring.
Pregnancy-related complications,Prenatal Care: Attend regular prenatal check-ups for monitoring and early detection of complications.,Lifestyle Adaptations: Follow healthcare provider recommendations for a healthy pregnancy lifestyle.,. Awareness of Warning Signs: Be aware of warning signs of complications and seek prompt medical attention.
Premenstrual Dysphoric Disorder (PMDD),Medication Management: Consult with a healthcare provider for medications to alleviate PMDD symptoms.,Symptom Tracking: Keep a symptom diary to identify patterns and triggers.,Stress Reduction: Practice stress-reducing techniques to manage emotional well-being.
Premenstrual Syndrome (PMS),Healthy Lifestyle: Adopt a balanced diet and regular exercise routine.,Stress Management: Implement stress reduction techniques to minimize PMS symptoms.,Symptom Relief Measures: Explore lifestyle changes and over-the-counter remedies for symptom relief.
Pulmonary embolism,Anticoagulant Medications: Adhere to prescribed anticoagulant medications as directed.,Mobilization: Avoid prolonged periods of immobility and encourage regular movement.,Emergency Awareness: Be aware of signs of pulmonary embolism and seek emergency medical attention if needed.
Rheumatoid Arthritis,Medication Adherence: Take prescribed disease-modifying antirheumatic drugs (DMARDs) as directed.,Joint Protection: Implement joint protection strategies to minimize stress on affected joints.,Regular Monitoring: Attend regular check-ups with a rheumatologist for disease management.
Sexually transmitted diseases(STDs),Safe Sex Practices: Use barrier methods such as condoms to prevent the transmission of STDs.,"Regular Testing: Undergo regular STD testing, especially after engaging in new sexual relationships.",Communication: Discuss sexual health openly with partners and encourage testing.
Thyroid Disorders,Medication Management: Adhere to prescribed thyroid medications consistently.,Regular Thyroid Monitoring: Monitor thyroid hormone levels through regular blood tests.,Lifestyle Adaptations: Manage stress and adopt a healthy lifestyle for overall thyroid health.
Urinary Tract Infection (UTI),Hydration: Stay adequately hydrated to flush bacteria from the urinary tract.,Proper Hygiene: Maintain good genital hygiene to prevent the spread of bacteria.,Prompt Treatment: Seek prompt medical attention for symptoms of a UTI.
Uterine cancer,Regular Check-ups: Schedule routine gynecological examinations and Pap smears for early detection.,"Hormone Replacement Therapy: If undergoing hormone replacement therapy, discuss the risks with a healthcare provider.",Endometrial Biopsy: Consider an endometrial biopsy if there are abnormal bleeding patterns.
Uterine Fibroids,Regular Monitoring: Monitor fibroid growth through regular check-ups.,Symptom Management: Discuss options for managing symptoms such as heavy bleeding or pain.,"Treatment Considerations: Explore treatment options, including medications or surgical interventions, with a healthcare provider."
Vaginal cancer,HPV Vaccination: Consider vaccination for human papillomavirus (HPV) for prevention.,Regular Check-ups: Schedule routine gynecological examinations for early detection.,Symptom Awareness: Be attentive to any unusual symptoms and seek prompt medical attention.
Vaginal infections,Good Genital Hygiene: Practice proper hygiene to prevent the overgrowth of harmful bacteria.,Safe Sex Practices: Practice safe sex to prevent the transmission of infections.,Prompt Treatment: Seek prompt medical attention for symptoms of vaginal infections.
Vulvar cancer,Regular Check-ups: Schedule routine gynecological examinations for early detection., HPV Vaccination: Consider vaccination for human papillomavirus (HPV) for prevention.,Symptom Awareness: Be vigilant for any changes in the vulvar region and report them promptly.
Yeast Infections,Good Genital Hygiene: Practice proper hygiene to prevent the overgrowth of yeast.,Avoid Irritants: Avoid irritants such as douches and scented products in the genital area.,Antifungal Medications: Use antifungal medications as prescribed for effective treatment.
